bootstrap_iter,indirect_low_minus_1sd,indirect_mean_0sd,indirect_high_plus_1sd
0,-0.011567061660598933,0.0012625790981714885,0.05129072440807587
1,-0.011058401472293597,0.0072853252052594445,0.061790519519929386
2,-0.009552171843628145,0.005916872196518325,0.05777272756170975
3,-0.006070139141515561,0.0097386160587199,0.05710208458810289
4,-0.009637323923792374,0.0035084408703657715,0.05268017064452495
5,-0.014834107294954425,0.00312747158539914,0.05915841924326362
6,-0.007880267246503404,0.006447558166873452,0.05214957608568343
7,-0.00994957366150411,0.00012300684933504492,0.04375927531838358
8,-0.005812784358085221,0.0007842352046402907,0.030754412910677847
9,-0.016683489192695394,-0.0022427359682631316,0.049182950314502115
10,-0.012873638413178104,0.01159727269050471,0.07685383832797728
11,-0.009814539284918433,0.006221387557646518,0.056489983659614044
12,-0.013761005959797911,-0.0002627018857750263,0.05122278844155577
13,-0.012989015320086617,0.0010498099931229913,0.050546660793972055
14,-0.007286070022647548,0.0067084398350532115,0.05122790137301058
15,-0.008179590846246516,0.005175966791579013,0.04976366476020963
16,-0.013360926126045735,-0.0017443820074730066,0.04284367866459037
17,-0.008858738093977157,0.0012336416244600051,0.0480355784187906
18,-0.01260336379578153,-0.006008713192036741,0.03321466240175279
19,-0.009924303319736635,0.0027994713458930343,0.052781999353726704
20,-0.007399263973924842,0.002821308185252181,0.0475851447435542
21,-0.006242885800818649,0.012977182949926096,0.06716054916847375
22,-0.008865390695138205,0.004186890521022951,0.05509205231221326
23,-0.008734357950683941,0.002176831267339111,0.046804387969874406
24,-0.012994537492552864,0.0030335412089799764,0.05995335055111809
25,-0.007964491558155916,0.002055339847981313,0.0461217813968503
26,-0.011458484369718164,-0.003275291778891486,0.03732411028157698
27,-0.010377006558296277,0.003103107232840526,0.05295320122083947
28,-0.0077780590121240166,0.005837806854773433,0.05467690025819777
29,-0.011635374524099549,0.006440360805218657,0.06410961061518008
30,-0.009197097234354216,-0.0002650086462841227,0.04057701604640399
31,-0.0072846044709908905,0.0036752935044280736,0.046556953757504196
32,-0.01140187237145984,0.0023966761284504316,0.049101453412815035
33,-0.009677425093711766,0.008361168153804091,0.06057230973019374
34,-0.008799629673677088,0.010970520943231438,0.06673061202480148
35,-0.0181318878866462,-0.0015271296080836751,0.05153987295882454
36,-0.013414670310782216,0.0035261550114480105,0.05126690852040494
37,-0.00997824034542077,0.002100173918446199,0.050431120078267146
38,-0.006922361227952009,0.00391286811883684,0.043126720512638696
39,-0.011044422257217747,0.0017791845031120928,0.0483737515456549
40,-0.01121392215951899,0.0009548518900910638,0.04963168218329391
41,-0.006041666370011024,0.0068146328784800085,0.052898546272630624
42,-0.009279817321875928,0.00327516892409958,0.049984827131779166
43,-0.009954503007254744,-0.0027631718728181663,0.03666928809742412
44,-0.009592682712140298,0.003267783009984506,0.05147404398385161
45,-0.008821670059857302,0.007050758718105651,0.0630354120293814
46,-0.012517838240001017,0.006034496394465437,0.06150335298920672
47,-0.007907442047050576,-0.00027984889695292304,0.04051977133292003
48,-0.010135406825194876,0.002037031787057018,0.0473011523997359
49,-0.011564280141841287,0.002973640182462807,0.052418625475951504
50,-0.008593228615553778,0.005234315765702765,0.05363348187315593
51,-0.00554227145787742,0.004608610682702859,0.04604414241123964
52,-0.00805180515712757,0.008728378667669925,0.05847859824294314
53,-0.011840386688801849,0.0031414311151324935,0.05546855130273652
54,-0.009312658195875253,0.006117779753104478,0.06327040185548069
55,-0.012034910046420561,0.004650518228265621,0.05352055600124349
56,-0.012816629944417379,-0.00031613803049754534,0.04699721034776388
57,-0.00743204855251164,0.012832461208893411,0.06909151808736431
58,-0.012207682014439654,-0.0014405581441926927,0.045098125330318706
59,-0.009948432171300939,0.005929725502660649,0.06409252465348714
60,-0.0105077483529889,0.009666257286153036,0.06843962897593711
61,-0.008751977548584653,0.006441183712660318,0.05778597552454993
62,-0.01067915121991823,0.008901495155249076,0.06456648320622106
63,-0.01160269655515788,0.004938997011688042,0.05267152776574836
64,-0.007252350290894537,0.0049605610137364335,0.044847525034083104
65,-0.011810457172120606,-0.0032361715783408357,0.03970036416970547
66,-0.01014574244952136,0.00015242892630295431,0.042956472232795515
67,-0.010177957338937539,0.006722617397015156,0.06112172015952
68,-0.010685508559507579,0.0016208409256551416,0.04735283337560599
69,-0.015287706965908894,-0.0013993252862551642,0.04840236616489784
70,-0.010133503337711519,0.006751367812479799,0.057826662933999996
71,-0.012530467836809646,-0.0006879654008651974,0.04699929603386461
72,-0.010561296168953228,0.009403316498444557,0.06776371284363067
73,-0.008491022091659884,0.0036706383908544095,0.05332474758826693
74,-0.008015196655169084,0.005670319166447424,0.05434716268577656
75,-0.009916295122846754,0.0038929195734034878,0.0501782047976244
76,-0.010104979236088045,-0.0009225764755141056,0.041350075146570894
77,-0.009744518203216137,0.003396879924690896,0.05387450569167555
78,-0.00964116260606312,0.003574555017813156,0.05262901771044694
79,-0.012452860182936152,0.00043565631127424903,0.049094542407230254
80,-0.008850978300960786,0.007087422342267531,0.05912274781179608
81,-0.004958967757764792,0.009862458929228149,0.05511324218507907
82,-0.0139795259155675,0.0017991860612330919,0.052130922166951435
83,-0.01548900504532303,-0.0012955805942146902,0.04842868224996908
84,-0.008494432547912682,0.00977008472916293,0.06438742969763166
85,-0.010789437706894956,0.004331962244615195,0.054664068928713755
86,-0.006981885778132865,0.007877938121582904,0.055689651613110555
87,-0.010078165914864375,0.0018017501870491981,0.053361999815464474
88,-0.015510043022510108,0.0029831618289626414,0.058394708664514565
89,-0.009840956021221727,0.003741995248819516,0.05380805891179989
90,-0.010796223646821876,0.005244620741515013,0.05685638532744579
91,-0.011900797534176217,-0.0005863486919557673,0.04257986725215997
92,-0.01492757558258248,0.002035964975997383,0.057585688462984695
93,-0.008706530082430195,-0.0012288399622120976,0.033847706678413865
94,-0.007431220576568059,0.006228726869130887,0.048916012061173804
95,-0.0076240976284813805,0.011239318351121257,0.06713632352356327
96,-0.011628952763683828,-2.9078518025905424e-05,0.04483510003518802
97,-0.010636658936266022,0.0031368514199877177,0.0540206039621243
98,-0.009627493538832254,0.0009874561643331305,0.04746613840999998
99,-0.010438465750119471,-0.004793596820652865,0.029956291725351622
100,-0.012481254774304007,0.0029355921740396623,0.052215460706127474
101,-0.008685191043905405,-0.0008923371209670211,0.03843964703008919
102,-0.008939119846662446,0.003519123815280728,0.049289236942617574
103,-0.010472540632158833,0.006688356577164704,0.05603294272904421
104,-0.009844585273500303,0.005871021329922031,0.05485947778208215
105,-0.013856326428591262,-2.779590641254872e-05,0.04871562331918119
106,-0.012410986927344695,0.003291931723134182,0.05537385446306831
107,-0.008558541663758173,0.0009993589732609134,0.04244405012745236
108,-0.008852869908347084,0.003097965766696454,0.04311410441736092
109,-0.011356733518157539,0.0030900670210093966,0.053384518802108975
110,-0.010197260139620657,-0.00033485059615282956,0.042780211809537484
111,-0.005089964389656281,0.012768566598916323,0.06672534282616766
112,-0.010481286046998566,-0.002396794826048487,0.03314237412599995
113,-0.01112860276667876,0.0027305026575723426,0.048578231026350796
114,-0.009861585563432779,0.004689348910565922,0.05322927837083702
115,-0.010709736116725902,0.0014996543821479025,0.04935993911171157
116,-0.016690616341781223,-0.0027816401294090856,0.0512631109331936
117,-0.011867042565381692,0.00823178162683796,0.06854499409707888
118,-0.013872359274757492,0.0035068432599997205,0.05821154500247234
119,-0.006693043573538712,0.008532870027301447,0.061301544521612815
120,-0.010908195745480406,0.009822078754985785,0.06643905467957005
121,-0.013279416195604394,-0.005684413677492334,0.03715887395051097
122,-0.005287843388223365,0.011480053064761802,0.06334204992066077
123,-0.009372193220410935,0.0028851213534685383,0.04856455242159011
124,-0.011795212764675298,0.004248651291706767,0.05384714498099078
125,-0.009984976400471291,0.0021244716007477807,0.04656948088138812
126,-0.008226710719062821,0.003203715384845111,0.045515063339051406
127,-0.01576588590846899,0.0011922938604103175,0.058991384849059476
128,-0.007748560999390482,0.004888730370380708,0.046881723154347764
129,-0.011206558846263412,-0.0019231925542614065,0.04352959922053478
130,-0.012798313953372243,0.006696777202273135,0.060731303324988516
131,-0.009948679581037812,0.01174208931502335,0.06896913282771248
132,-0.00806327074648041,0.007187688827143524,0.057303298904172406
133,-0.009043430398443488,0.011116851190322926,0.0670532015991414
134,-0.009999895855523659,0.006947786292202865,0.06543338955265104
135,-0.011965355756486095,0.0028706998939362987,0.05403191573784395
136,-0.009582536616565237,0.0024547422454211454,0.047471705836965326
137,-0.013973168877961245,0.007125043088982331,0.06712978983453122
138,-0.008927462975945957,0.0006640089978601353,0.04072664453922815
139,-0.01474349690295036,0.006825366683416146,0.07042322334173966
140,-0.013460401855091255,0.002869004669407936,0.057866008212469774
141,-0.01358345905605409,0.004520534570847199,0.06122571979682423
142,-0.009210303641600252,0.010552898668680042,0.06485227739976179
143,-0.012362629508504903,-0.006117504894907408,0.03254672436299011
144,-0.012417623560751712,-0.0012304800150142409,0.047583869093679995
145,-0.007227939898554161,0.011798634583165208,0.06879077434398327
146,-0.007639630454769677,0.002157781434078948,0.045279195761605516
147,-0.009746301282606602,0.004440990142546213,0.04851265227378145
148,-0.0075088449111399645,0.00841679381846212,0.05924058736160952
149,-0.009475668900943708,0.0063693399879899875,0.05609368682092568
150,-0.0056284415721633415,0.009263370909681266,0.0575944268543905
151,-0.009031701569616378,0.005302561700345811,0.05224078493586209
152,-0.007004807273920662,0.003661882429200898,0.047911321564622786
153,-0.010631848017371465,0.0019155402259974682,0.05063577836716011
154,-0.010968499135915737,0.006105473407155336,0.061637556589865736
155,-0.012195200762798284,-0.0005562536643519847,0.04596742437681801
156,-0.005889688393694797,0.011204688262104193,0.06213703384313512
157,-0.008720934362932723,-0.0005371292388446544,0.037083060606542526
158,-0.006288662091960916,0.005914785868231527,0.05177943693805646
159,-0.01073180950979856,-0.001994746521084329,0.038360459049546075
160,-0.00734555073310959,0.005632241978137428,0.05599864911894851
161,-0.010646473359983682,0.0007524951181274825,0.04324063819923826
162,-0.010233380522569774,0.012611193796841419,0.07832336088742134
163,-0.011186010745693774,0.003685576143025722,0.05283750386683643
164,-0.011867148619274475,0.001890237659400621,0.04958959314561269
165,-0.01031192943157144,0.004302290050271712,0.054058991701281936
166,-0.011044274462814066,0.006377299889665114,0.05853699177867649
167,-0.01054611608689885,0.0003664578300695843,0.046513418373214245
168,-0.012562163012338194,0.005038345979611374,0.05890684971891181
169,-0.008208926435317277,0.001264068136307417,0.04158349307638596
170,-0.014061958408055932,0.005694003388568551,0.06316535199128671
171,-0.01042282008433459,0.0062853543816558085,0.06433563609536659
172,-0.00935202684025934,0.005303926919856315,0.05347363881011349
173,-0.012154571126010356,-0.0007973098141251565,0.04566262932692332
174,-0.009645985292693388,0.00042636690717659796,0.045005110217981203
175,-0.008169690377304474,0.008305505343191919,0.06400311476342689
176,-0.009553414714700262,0.0035501247983285604,0.05450326300251223
177,-0.008177526389236219,0.0093509700164183,0.061743567284463306
178,-0.009261289464902121,0.011309001012215101,0.06557570155619183
179,-0.008573786796798134,0.0049648267777777045,0.051468200723578605
180,-0.0058147163346566255,0.006178068115732355,0.04566070266831366
181,-0.011940593953898494,0.001096510675318682,0.05422719729813196
182,-0.010494501180790329,0.008110713273870016,0.06638248479061151
183,-0.013759524885045834,0.004512278495841621,0.05623401269076959
184,-0.015296695469524366,0.0012703413627042587,0.06130878041640913
185,-0.01096786108811469,0.006474937145279753,0.0580802129902007
186,-0.009677514342069088,0.005015764134886022,0.05850879695830797
187,-0.01063758227680635,0.005886782121179089,0.05628419102485532
188,-0.007117716971730157,0.005261847333504537,0.04941897894851964
189,-0.008249934225613207,0.009591192500304163,0.0606163779299532
190,-0.01372425663788113,0.0002575170895068255,0.05272967781139307
191,-0.01023840487206917,0.003714948521767856,0.050509097176596775
192,-0.010141754253058261,0.007637411310464378,0.05758959501573851
193,-0.009681382149509147,-0.00018492999921419445,0.04686658698149901
194,-0.01076178711938001,0.006391454785908476,0.06169907974471811
195,-0.009871681587896943,0.0036556501141725914,0.05295110006317982
196,-0.009743668870076095,0.00468676873823453,0.05204354717714829
197,-0.011270890502602812,0.0042517347989253565,0.054096035994305514
198,-0.010786029486648432,0.01065889115296426,0.07408522787819949
199,-0.007499644925382219,0.006042435791614089,0.05256332662880121
200,-0.008581729393476756,0.005342667191054934,0.05365684460266771
201,-0.011380175853419397,0.0020921780187259215,0.053312917905678235
202,-0.008356254003347831,4.7406082637050584e-05,0.03658397661083735
203,-0.0072655695267728245,0.005607095265971161,0.04892447105718474
204,-0.01337727304007759,-0.004198266127336554,0.037974173083221714
205,-0.013821976198631583,0.0015996975272452476,0.0531592389241983
206,-0.011633471825694656,0.0008980629717796756,0.05005559389992348
207,-0.015262399998328765,-0.0004477623702903151,0.05112590673061244
208,-0.015348943114159203,0.0001935886199363059,0.05054626295579319
209,-0.014354735454506683,0.00026162331437107214,0.051496681812744485
210,-0.008696821123156678,0.005215748156609479,0.05808424045288348
211,-0.005845792080098345,0.009474908176556487,0.05787319241366291
212,-0.008867358204508251,0.005634251489087511,0.05286912734651923
213,-0.01042859006815234,0.0014951338997719623,0.046922626558805865
214,-0.011764731017577601,-0.0007722734566510259,0.04737701188639802
215,-0.006144038400417433,0.010114081247764412,0.06108243163305232
216,-0.01132608900141106,0.0042142261778616436,0.05852309900405734
217,-0.012259878908779175,0.0006679620714753912,0.0469953677357966
218,-0.013863174260088224,0.0065776328451945636,0.062481238031935865
219,-0.015099828090579264,0.0006723155361560538,0.05119876308410336
220,-0.01352061294578058,0.0029776706063187434,0.05704729852132201
221,-0.010209957553025228,0.003096045853144807,0.05093593788625774
222,-0.010453052637644943,-0.0010400854764096047,0.045341375564101415
223,-0.009512655509934125,0.0012243950025881795,0.042595306929478625
224,-0.013426472114241457,0.0010304801927364204,0.05528686008010666
225,-0.006645648076501972,0.0031595494465723882,0.04448477355516823
226,-0.009184446674120926,0.001119394299742099,0.04106790338507812
227,-0.012007342093792783,0.007160579176464305,0.06494703697822778
228,-0.007041562014364002,0.005257899412503228,0.048747587477924084
229,-0.011325057756705387,0.0016813863355823245,0.05023228478494946
230,-0.010675435216461911,0.010002352905576896,0.0663883046312065
231,-0.007066613619736353,0.010738675892682879,0.06179598727868483
232,-0.005712743278537269,0.011980596840231067,0.06358250061253296
233,-0.01014957075240323,0.004754747879995042,0.06071814033760747
234,-0.011262503190671793,0.004354466732743458,0.05268812027769332
235,-0.010638472719449439,0.00012203948002243215,0.043471782904705894
236,-0.01272977620954374,0.0018617639665602533,0.0520913985735885
237,-0.012678004137672845,0.0018954559972405771,0.05524827233975849
238,-0.012853123905236236,0.00035578825187504654,0.04924130305056576
239,-0.010177374952114501,0.005305193862476704,0.053725005681468846
240,-0.012803068751058392,0.0003777946541932433,0.04820233288691091
241,-0.009713017366365173,0.0043930186788894805,0.0493244964264977
242,-0.0119506625857656,0.003453594289293002,0.05449380998250958
243,-0.010536807118957856,0.001223868951678041,0.048484344890107764
244,-0.00875688022416296,0.003812030678309179,0.0457804492533036
245,-0.016066087763233913,-0.004229150513323153,0.042287776449270356
246,-0.013669769530012523,0.0002779940425480116,0.04829039506464167
247,-0.011823607967678718,0.0018579070732218578,0.05188740842683132
248,-0.008612870805066288,0.005161313042291063,0.05208082984082054
249,-0.007058056110077964,0.011898223809141696,0.06595678417344668
250,-0.009168143278794292,0.0029951338375374327,0.04784773926469438
251,-0.013544314188546345,0.0031537922692241216,0.06126830866834534
252,-0.014545265426593826,0.0015815542486479525,0.05449067435599056
253,-0.011278226934198202,0.00846983881119782,0.06546158300707569
254,-0.015631086194363732,-0.001148174897494828,0.05092205706354574
255,-0.006550725115389175,0.005155442164937228,0.04782001123953892
256,-0.009613232044444905,0.0019957915249743667,0.04594187062241756
257,-0.010278616793053277,0.009398150339170486,0.0658975082742757
258,-0.007788528301051593,0.01102448301826887,0.06445685373559396
259,-0.008698017856448989,0.006441252227904003,0.059148635882259916
260,-0.012719843699610068,0.008221730230683757,0.06761051499725333
261,-0.013085716890739209,0.0038025923742996993,0.056857343033274214
262,-0.008254768346791647,0.005459300205748521,0.05425263411966117
263,-0.007042301111347424,0.003953129635813049,0.04567048624578414
264,-0.013658473814125641,0.006373731316301817,0.06338701825100605
265,-0.012186062077759748,0.009684694296248627,0.06577867060879578
266,-0.00739109228279282,0.007517015955957644,0.056788474385161276
267,-0.0076168215460599336,0.005879043086621452,0.056961941325796794
268,-0.012765771635897287,0.0013119498022341437,0.051873799260055364
269,-0.0066258987805886535,0.01029794652812027,0.0629944389591204
270,-0.005998840453670914,0.002063376730470255,0.03720195561260031
271,-0.0059808753417190195,0.010089472686945196,0.06067250342905109
272,-0.011438209054321543,0.0017456005149384549,0.052166122245453646
273,-0.011308109894076653,0.00361627385117696,0.052697899405076506
274,-0.009405848712667165,0.0013408691548520103,0.04581943283781945
275,-0.011805463809095031,0.002385987165869474,0.0514879527281282
276,-0.012158729251302586,-0.007293059361431442,0.02923875373479869
277,-0.004015744760519823,0.014177944867026964,0.0622340594050179
278,-0.007129998795842802,0.004698974905286399,0.0471462668045962
279,-0.009752670490988697,0.004896864951668255,0.059850286000013034
280,-0.008903985167239233,0.00529013721158588,0.054298620574325884
281,-0.013526450527012584,-0.0029264587654018567,0.04072738388066923
282,-0.009288589648400576,0.003012650122933176,0.050252136299698526
283,-0.013831966214719434,-6.626284648076715e-05,0.047590994881437636
284,-0.01097303566219969,0.004439166148848222,0.057184229947577415
285,-0.013079500787372397,-0.0009474860505435777,0.04696457285448881
286,-0.00979015647659609,0.01246445570692706,0.07105956728541116
287,-0.011344251762551931,0.0037375164224095255,0.056086827646803464
288,-0.009788942760259012,0.009108063668973505,0.06560602051969898
289,-0.010474464243253328,0.0002233091257871813,0.0441298536060573
290,-0.016188492594694476,0.0035993144660498642,0.061859681500730616
291,-0.012920378668535225,0.00594687093856684,0.061945409360832086
292,-0.011665307927975854,0.005553619402578269,0.06089273336632949
293,-0.010743637774702391,0.0027403667689026336,0.0543926452982179
294,-0.00953286763598945,0.0017482714394633848,0.04640434013759728
295,-0.009049229113333614,0.005199253173125186,0.05191109924498664
296,-0.012652919266678645,0.009221818193452733,0.07081255702421414
297,-0.010867998143113403,-0.0005939759301364,0.04169884672301422
298,-0.013907241957888406,0.003823578207565979,0.05631019566610325
299,-0.014958757845305303,0.003842627384042543,0.06046094418212672
300,-0.01227202286006221,0.001966193441213039,0.05051997125400655
301,-0.011179899973070317,-0.0010969518503919893,0.04484701247011471
302,-0.012164647985128615,0.008210791278118277,0.06672451666385953
303,-0.016376386321725212,-0.00020434697881796746,0.051995622345335585
304,-0.007056122817238622,0.0009211252465281367,0.03506024069848919
305,-0.008440183004511515,0.0065562177744438385,0.05581499745078338
306,-0.014552477222008737,-0.0008612162581275295,0.05062521601153356
307,-0.011227520432037319,0.0017348217247516312,0.05086761531312593
308,-0.00796518768323111,0.008320286490713811,0.05781835142591082
309,-0.008487186409072837,6.578068391549465e-05,0.04347134359675798
310,-0.013060789306396703,0.008653328994653594,0.06493399183960073
311,-0.00933110114321937,0.007283001506427093,0.05529500926320229
312,-0.011502172588162213,0.0034573207541690786,0.05512164249349381
313,-0.007728884477012662,0.00769216496304546,0.0554578200736592
314,-0.009242881634421215,0.004848794735999232,0.05221421009912568
315,-0.01145309743070543,0.0017223875196770602,0.048653708014609075
316,-0.008295568130317257,0.007096682105578529,0.05214183716048562
317,-0.004943864129026072,0.015040128936450904,0.06859421151625576
318,-0.01234453548686706,0.0011339580700677888,0.05112562286249929
319,-0.012734938783865828,0.008327836124915689,0.06743043442147392
320,-0.01143261087942538,0.005142293642809743,0.05907149261541852
321,-0.008015404017048063,0.005111792225118945,0.054048496076868235
322,-0.006350649485382705,0.008064893430179545,0.05214338983854176
323,-0.012634147009627337,-0.0011349174327669282,0.05109333737081054
324,-0.010635409775899692,0.0022872216632325044,0.05475428847555462
325,-0.007904743256017725,0.005001354690457111,0.05304140662122996
326,-0.010741848845201258,0.003817733640156864,0.05435414999152797
327,-0.009903066506703825,0.0031242185112413737,0.050979061177001586
328,-0.013152480226091156,-0.0013371368229669089,0.04474783415694237
329,-0.008510783364352263,0.0049019724614739885,0.05523393214437711
330,-0.008053432733767863,0.01063658708337673,0.06790250814690732
331,-0.007828662447598257,0.004594229181251142,0.04816441633488389
332,-0.013279124265306483,0.00519881243599252,0.06349499698089077
333,-0.009522120257871174,0.007475359155519691,0.06074173200870654
334,-0.01016160736802505,-0.0011980452878510672,0.04311518527599435
335,-0.01077005241813342,0.005479585301264864,0.0584788955316501
336,-0.009043957717188637,-0.0005532852349036292,0.03723347858444001
337,-0.017432622414109922,-0.001961632170229726,0.05286461434639911
338,-0.009507451964200737,0.004548545797020645,0.0504149448901578
339,-0.007465994845990823,0.0033146254715666216,0.04473504860861588
340,-0.006260056836421851,0.009879603355492738,0.058688280945730135
341,-0.017524620142870904,-0.003256326833869978,0.04692357422888902
342,-0.00693620629493508,0.002668865431429813,0.04073527414907539
343,-0.006041219474392041,0.0037471771919091786,0.04382882609186469
344,-0.011635700768411325,0.001629327987651544,0.049132580144182494
345,-0.0073548226665523814,0.0034496534577722177,0.04972648004122447
346,-0.00857167392291274,0.0037876668542971828,0.04696925022881707
347,-0.006696743289683029,0.009725313346640828,0.06480418936895613
348,-0.011464352779057696,0.00545594281749672,0.0590992456472493
349,-0.009915990821513994,0.007690016406839111,0.06197747389131786
350,-0.012515885052978109,-0.005190768281896877,0.03306480166724387
351,-0.007585883876649495,-0.0001346585604000743,0.036347616690264976
352,-0.014117437641915432,0.0022136506837082473,0.05517508234129533
353,-0.013154504104320716,-0.0010393426694031579,0.04642852351949037
354,-0.008380149721704169,0.00293945237242422,0.04734465223384528
355,-0.009897277275791313,0.006112819565592469,0.053422880553315504
356,-0.009428811247870745,0.004081279281632252,0.05374776608467257
357,-0.009250064326779916,0.0019130878817424817,0.04406437088040881
358,-0.009880505351034475,0.0024578645808580883,0.04980404070171803
359,-0.010475884674714912,0.00536543296148615,0.061053514657026936
360,-0.012220394844556105,0.004098347804550856,0.0562497071504289
361,-0.0075787954936243065,0.011939080390738235,0.06691123493804538
362,-0.011168277106985786,-0.0010035521943774195,0.04431920425560216
363,-0.01726236982912425,0.0014045681436820438,0.05434037291856933
364,-0.008570104542424423,0.0017732521050393072,0.04623432914856941
365,-0.011428867121681265,0.0031958399408615746,0.053026567529985
366,-0.009706697462831933,0.006296960145524268,0.05665126890536214
367,-0.010388373222448724,-0.0008776516025365538,0.044336289346520105
368,-0.012268335297745271,-0.0016340425403455604,0.042429095703621154
369,-0.010541242991406555,0.007722510279029456,0.06034738773546286
370,-0.010937416492352258,0.0030283041785837575,0.04875094924329225
371,-0.013428645867593401,-0.002626881738594951,0.0432457116595828
372,-0.011777285361668945,0.002618964349985801,0.05168389935131605
373,-0.009206741400983109,0.007889426325497483,0.05870907322179665
374,-0.010012902968076552,0.005452508524764172,0.05940593982019977
375,-0.009028537465861089,0.008586930485101472,0.06231902732542267
376,-0.01214235891405561,-0.0005790726688690366,0.048636853699595146
377,-0.008342404636564979,0.009142560739601256,0.06833234635208428
378,-0.007095825355780786,0.008849408862173844,0.06163407833799826
379,-0.006018392745098227,0.004980705303565537,0.04237298824404795
380,-0.011739058881271809,0.0034707174606495293,0.05322325397926007
381,-0.013053264828091708,0.007558696894301006,0.06671603600992192
382,-0.013228547699349998,-7.248334766234493e-05,0.054911857674757834
383,-0.011076257740493051,0.009667221830959031,0.06773306426724016
384,-0.008943851483895017,0.004335948573105238,0.047682388666348
385,-0.011502919490247645,0.0023218941334585434,0.049451551689740164
386,-0.00697871686531993,0.00990626179526094,0.06437236036326774
387,-0.013366981740683428,0.003074980284092291,0.05507706627897511
388,-0.011985771442595852,-1.6674137487581788e-05,0.046988973231356694
389,-0.008503408731765878,0.007499166253851833,0.05690676890112646
390,-0.011979930269638698,-0.0026146768422454143,0.0358935822386097
391,-0.010387249486758109,0.003551904380446046,0.05085083869216442
392,-0.013361121595967005,0.0024680337876632472,0.05474324332463987
393,-0.016691489448502534,0.003583728570529845,0.0630152058202588
394,-0.011417039753973764,-0.005288145386110371,0.03611686545674837
395,-0.010065095592288523,0.004824402148752541,0.05594331576743133
396,-0.008707820493673938,0.005341451887869133,0.050881105629138126
397,-0.01036327622051276,-0.004826328421342517,0.03037834739072971
398,-0.009004662935959666,0.005628505805439555,0.06004432116939606
399,-0.009346785868181792,0.002555123376802149,0.048946792918064676
400,-0.015737457090690278,-0.0005297035786024006,0.05041390965934846
401,-0.006368986913470876,0.005540858530269356,0.047233906807639364
402,-0.00976902633781004,-0.00012004195545113397,0.039615731309663886
403,-0.00810368456286019,0.008273435024386488,0.05775511650858867
404,-0.014383958872895784,0.0030685849990268765,0.06152064580436928
405,-0.01190577195845775,-0.0025439592869412895,0.03958670018419524
406,-0.010723867329235918,0.00831655446617383,0.06766534509003783
407,-0.00794797204911534,0.004404279981639826,0.04853556295175784
408,-0.005932567350076582,0.009460005264312066,0.056280308141163436
409,-0.010993743742561679,0.008903482538647645,0.0687849708655878
410,-0.01384215755242508,-0.0003810270221913083,0.04861832051350131
411,-0.008846242616439173,0.005014071274939078,0.05378783697954105
412,-0.00712945178842681,0.0032386670595452452,0.044517253611337716
413,-0.0113369116926288,0.0048310743523598335,0.05574113100575537
414,-0.007924083822868232,0.008108307175987815,0.05422309072616101
415,-0.009602300650645016,0.0027941528499732834,0.05195574131273925
416,-0.007419479056218424,0.0031107559719093987,0.04720664817199803
417,-0.008669389285150852,0.008034237393190376,0.060182119545465165
418,-0.010406624150049573,-0.0003070496135528411,0.04474552220333391
419,-0.016668715645897572,0.0005015185445513009,0.05661253460894335
420,-0.012761274526493107,0.0017387981989036736,0.05313469841707382
421,-0.010211475163356859,0.002730474582783204,0.04635672633582152
422,-0.011282026955330227,0.0072237431046497935,0.06422038754093295
423,-0.009869786917578886,0.009507811425988708,0.06770204718627726
424,-0.010453089874590968,-0.0022292874047462547,0.04784221119332219
425,-0.0102884837754702,0.007617667932229614,0.06223623527889647
426,-0.01731458227664936,-0.00046576199354861895,0.05804801462635121
427,-0.004036752075318827,0.0072514987876853,0.04308267753580126
428,-0.011400298185899223,-0.0026537299091040126,0.03668954481794776
429,-0.01063552390937832,0.004228863033813004,0.05412572320075143
430,-0.011855479836275372,0.009403807733247525,0.06965084940056207
431,-0.009713723132109262,0.009740416363375288,0.0676462142127799
432,-0.014849166419551573,0.0007904906375767228,0.055332632107791956
433,-0.005338111670564893,0.010214406727136346,0.05695966042066653
434,-0.014971812867462755,0.0020718977690667045,0.05708845009609465
435,-0.009331463904374044,0.0061983230900204975,0.0597789990153789
436,-0.011111607276004442,0.002114501560596764,0.05258206204480078
437,-0.009345796433446659,0.008623607466276096,0.05985818004644812
438,-0.010763469618798711,0.003381330459387153,0.04829169497601353
439,-0.012424265697544503,0.0023291653598529467,0.056073013436807005
440,-0.010615121232690018,0.003426789817363722,0.05054264869418608
441,-0.007067137008400079,0.004912951616156825,0.052068944004185914
442,-0.011155292089590584,0.006183147612503541,0.061208649287581886
443,-0.006732627170309104,0.005366180611982819,0.04964100123726081
444,-0.007708771958435897,0.001137006578477949,0.038820794173429776
445,-0.008431848333282772,0.0012979453376520788,0.04270773215574623
446,-0.0121263521187868,0.00879414002696726,0.0632664017539983
447,-0.012412877280159045,0.003456275859231265,0.052751844889229384
448,-0.006065889274475364,0.00716484732834819,0.055331732820049453
449,-0.014487367273467068,0.0005843504856185149,0.05116697211252757
450,-0.011861706500438756,0.0036922586363728072,0.053751121651406025
451,-0.007636400875866302,0.012252368720072342,0.0709027798042872
452,-0.00896691520390698,0.0013296251418055255,0.041062529950731994
453,-0.010749084911802265,0.003707950793652602,0.05708756995910307
454,-0.011188267359561901,0.004769450846877231,0.0561894609472254
455,-0.009055789271488066,0.013619936601976374,0.07129628590890269
456,-0.01163296000174128,0.003476613139367064,0.059296024270000025
457,-0.006197088713121137,0.009988008917388012,0.06044917746103148
458,-0.007685456208900553,0.007624203862203522,0.059617315004050216
459,-0.007278672082652611,0.0016597219822078633,0.039510733073901017
460,-0.00968906412210807,0.012946346621492733,0.07249404878155356
461,-0.007304561073296726,0.005226781890346328,0.05124577490764985
462,-0.0070617564665006625,0.011002343858435158,0.06092279510306005
463,-0.010798626680574294,0.0023375818555940943,0.05440455606260243
464,-0.008600628969460742,0.012507494508308192,0.0742079440453006
465,-0.009973269590024003,0.008404669236466076,0.06467661141300866
466,-0.013521311180262821,-0.0011790366368226906,0.04202773863831856
467,-0.013222435326250382,0.0011749449538908917,0.05353569577838129
468,-0.00405837105945712,0.010674164180520628,0.051345084443924736
469,-0.010912763892051962,0.0027870957840492082,0.050981747590377866
470,-0.012177485341253515,0.0023789540535765433,0.04722946468091664
471,-0.010935369358767284,0.0008949129156285996,0.04665306675217581
472,-0.006235281272293909,0.006372006742087769,0.05109759299218769
473,-0.010134984654143862,0.009305315665565713,0.06612278783069775
474,-0.007937736724495678,0.006127949791237081,0.057940501066935254
475,-0.007228126039915395,0.004309127105668622,0.048491745056248495
476,-0.008857931309112188,0.011259320879291636,0.0667666566729234
477,-0.00779277754384441,0.00727225264846671,0.05216093057734313
478,-0.012938293468119384,0.00994662471338424,0.06710742260141954
479,-0.013472987593321405,-0.00047100463734428755,0.047597635162173066
480,-0.012270791341621881,-0.0037327230955793845,0.040146123817878625
481,-0.009602545106603955,0.002720466607296245,0.04826914664160945
482,-0.01309134614826083,-0.0012812692421637487,0.04505629708834708
483,-0.009908106001935894,0.0056813225913434845,0.06656631851082506
484,-0.014505012641291141,0.005201045155120993,0.06326945955752103
485,-0.010480211078776142,0.005813485924086087,0.05832847120499516
486,-0.011308598347231332,0.002699151392010054,0.052530891449470186
487,-0.008356398553356308,0.00827300591296382,0.06054695678847361
488,-0.014415278098695477,0.006460624069809175,0.06623606274083346
489,-0.011363813472526667,0.007255588663125241,0.060870199403719315
490,-0.007839714467016805,0.004611100512166908,0.048817839901541454
491,-0.01075550152209794,0.007946779338447788,0.06310637893756021
492,-0.011882943761235333,0.006776461271579582,0.06148096520533937
493,-0.006628514024231772,0.008668153851672394,0.058419184014801645
494,-0.009149600779462742,0.008959220753603264,0.07117197796667485
495,-0.011132944587578965,0.008905179679851548,0.06562016917717199
496,-0.009227004012826648,0.003607570105626596,0.052982409944608004
497,-0.010821263748035975,0.0075542170659558885,0.06775323571720165
498,-0.007153531382851422,0.006468859537241771,0.05132551562717516
499,-0.010464582791674708,0.003892546344501331,0.05138561843649702
500,-0.013230875239742156,0.0013385531865800558,0.0581395078971153
501,-0.009242310835207714,0.007214681037275688,0.05527054046289795
502,-0.01101222179453329,0.003773678000782696,0.0545223660694497
503,-0.009391354545005393,0.0016360054045498104,0.04931248389366216
504,-0.012144288952921684,0.004079268680945309,0.05848170379327979
505,-0.008955283025375549,0.005724711037694458,0.05339855798039671
506,-0.012895354444497669,0.007035765547333001,0.06480285089462101
507,-0.0160841391966374,-0.004073920884534935,0.043955283810806434
508,-0.011937497015107275,0.005738738254137151,0.06305555776197992
509,-0.011052012525570728,0.004064439144680593,0.05535381038801392
510,-0.006807042734014754,0.009952390926928248,0.056673607991820286
511,-0.01192452718009364,0.0099515304166162,0.07276050132922497
512,-0.008760675575931305,0.008205066372743638,0.0637722009098042
513,-0.012469355973937977,0.004434057993153102,0.05861036889474689
514,-0.011654119038238996,0.004968243562953539,0.055555311355541974
515,-0.007022345128728318,0.006310064978400044,0.052656526239356585
516,-0.004363600469976769,0.009728672771346454,0.05417664433291316
517,-0.00877183217569177,0.004325228153779352,0.04628387535455662
518,-0.009338466785406112,0.010164587320834279,0.07212707961496821
519,-0.017068678885569018,0.001140926066762243,0.056605205883812744
520,-0.010185820644980428,0.0017983704105262672,0.04928652187206027
521,-0.007714236174487284,0.00586234481419615,0.0514327678189594
522,-0.010224406924592958,-0.0037018439894807597,0.035661023464914
523,-0.007172013584632172,0.0036650528031514375,0.043488573551234616
524,-0.011706852802609817,0.0025612334008873893,0.05463411723251379
525,-0.00775605613539282,0.0051820418392851475,0.05095663592947189
526,-0.007558738699920989,0.003824849624438949,0.05087197051086373
527,-0.010449614913737661,-0.0013163681471617566,0.042340755472800286
528,-0.00827958686724757,0.006652152637410907,0.05482068885250372
529,-0.01590034740098254,0.0025469478828560447,0.06374484417333987
530,-0.005054196375782278,0.010451160150907815,0.05860729714637984
531,-0.005768537220827084,0.008010373841080613,0.0509613788102939
532,-0.013687672899520664,0.00014716248630369496,0.05397233873254397
533,-0.01619419060419359,0.003210648339049404,0.06290946303452027
534,-0.006869572281293766,0.006408553890811033,0.051923519994114785
535,-0.013042446728481255,-0.0025006396864681803,0.044971452772811824
536,-0.011888293149920284,-0.0003950228174811639,0.04333796848582796
537,-0.012385849620349202,0.007944067160763464,0.06485376672219234
538,-0.009348140385652728,0.0021995548499399763,0.04850297226153472
539,-0.005952550976867082,0.00992254641213285,0.0617201089854275
540,-0.014661132168446988,0.005683212888251452,0.06047602973460177
541,-0.012514999120860957,0.0017764222221448556,0.05261161010755856
542,-0.009011405004649975,0.0026551655162927045,0.04653771289954295
543,-0.00927220300123829,0.006740533762768692,0.06137498035632257
544,-0.012429337526763378,0.0029099777161023348,0.056567099658458554
545,-0.01459152410292022,-0.0034422642834640634,0.048620124006918064
546,-0.008647440191436328,0.012071511989685828,0.06959239567573039
547,-0.006880069516291742,0.0039038635241336207,0.04717203918080333
548,-0.010272706792057424,0.0015373232796920936,0.04443000612030445
549,-0.010561602106824719,0.003782037947366566,0.05481727491930531
550,-0.00811591133951623,0.01299924761209603,0.0748855210578548
551,-0.008875824644003386,0.0003940998233273346,0.045754043319889866
552,-0.007303572112314024,0.009314069183780893,0.05987536525288521
553,-0.005890837648076422,0.011091649072842134,0.06107020432005918
554,-0.011849405458135965,0.0038985753250796213,0.05659617196034771
555,-0.008122517739248419,0.003204055207887843,0.04433051250839179
556,-0.010917113698573148,0.006322953399515776,0.06645299008246419
557,-0.008371129448853048,0.008004390609783401,0.05840882163518863
558,-0.004621823221991583,0.009899119266543348,0.05353842208780323
559,-0.009452023283733135,0.008608227857835372,0.059565902298213236
560,-0.01027669705635679,0.007083134679706053,0.062089736728288325
561,-0.006742025141604921,0.009550553461116641,0.061002062018611795
562,-0.007369392538951832,0.003726475644898798,0.042337752263831845
563,-0.00579658501097063,0.0077130649391702125,0.04891789292350502
564,-0.012118893828934732,0.0034508946235057444,0.05351222388261148
565,-0.012284289802651189,0.003328187423296316,0.05902633075158002
566,-0.006603354109320275,0.0060209861936513275,0.049305307793393725
567,-0.012060128466114171,0.0006705920184690621,0.04652503169627652
568,-0.012765894566193927,0.0011612619941427488,0.04811755174722795
569,-0.010023216648803611,0.009003744588039741,0.06652456313457737
570,-0.007689183420242515,0.0035869128867100667,0.04671025634958128
571,-0.006459547771400457,0.006756087405609472,0.05245094003232197
572,-0.01233509764820275,0.0017897159137047706,0.052776470963095415
573,-0.006112138768508462,0.0075259012541655365,0.054965688149031806
574,-0.014933972586417415,0.006411294135174271,0.06718609484425402
575,-0.010499615953131858,0.005340993863420251,0.056930186387257296
576,-0.008497906186101146,0.0030632466471511876,0.04968785241881906
577,-0.009190571637557467,0.006867362077906589,0.05388120250295882
578,-0.00786623959269096,0.007153218785471399,0.05521909693330233
579,-0.011783885624662295,0.009216933546490658,0.06780989570833289
580,-0.008325626646294944,0.004489182834669704,0.04697463432089592
581,-0.00608084455009232,0.011778596454676295,0.0628932791889211
582,-0.012987817560510062,0.0014091530336144242,0.05485049312052003
583,-0.00910308910029135,0.008146191348811838,0.06308381440813564
584,-0.008678244505642928,0.004428969729542392,0.055622733710775016
585,-0.012505830815525294,0.0063993524025773765,0.06410214555712994
586,-0.010500328569853114,0.0025572892295460804,0.047081386092179295
587,-0.009159076630738644,0.004776191329292068,0.05251539524375156
588,-0.009241843907969807,0.0105525001259935,0.0659215192083714
589,-0.01106293562700917,0.005725014100146216,0.06183219403722509
590,-0.013989199947498308,0.0015615841459404641,0.0558331665472937
591,-0.015247077497177883,-0.003747718306225915,0.040991941659376176
592,-0.008027701028661528,0.0005618557554619701,0.039505667513986306
593,-0.008200502932752367,0.004984277916216509,0.05599841967169966
594,-0.008558403844002138,0.00915928613312968,0.06065168056354018
595,-0.012192989165532034,-0.0008670303112676984,0.04758845658005379
596,-0.00727055016846735,0.010150984267230535,0.06551158975032358
597,-0.007965828654013659,0.004374283702148301,0.049618974761117665
598,-0.00665033690756146,0.00651624844908687,0.05363883259511173
599,-0.010132338169618981,0.0073187587656492826,0.06343673172276107
600,-0.01041916720094819,0.0005585463576032203,0.04441498182451583
601,-0.007146589933389786,0.00379000966382735,0.04633517970447477
602,-0.00954097638088942,0.007542664852459837,0.05864485591406222
603,-0.009013366106683823,0.009047655816198392,0.06040802090911005
604,-0.011417794247218784,0.006456935100198952,0.05955588674926686
605,-0.012847221920206075,0.0028215470415981166,0.05526070231417884
606,-0.009961128638158614,0.009493811645015643,0.06797533031740116
607,-0.011280718013310766,0.007619324112808931,0.06253986314703755
608,-0.01567953155668478,0.00045076314206320215,0.05235394740007617
609,-0.007236034427352714,0.00644395177285828,0.05140795391410527
610,-0.010063422396753502,0.006795486664746006,0.0603146409301954
611,-0.007935028824614733,0.004361241164591293,0.04781017861039677
612,-0.007842508116042549,0.004192555139655094,0.050203064874086184
613,-0.011531802098837867,0.0033328133101955854,0.05579974258978834
614,-0.013297790161926754,-0.0013833797396254665,0.04611720827369011
615,-0.013147318835012878,0.0005335304652094195,0.04851950420253932
616,-0.01005465337116052,-0.0007862833227820817,0.042258610742624034
617,-0.008554236214953848,0.006656799120823186,0.05864363274431535
618,-0.008442240204563157,0.0016687581980196686,0.04455747107132563
619,-0.007114536865957584,0.011341849938027565,0.0693490327526711
620,-0.013875537922798793,0.005783744712920043,0.06447117917142665
621,-0.009037432914002627,0.0062386709779205666,0.06054722616519549
622,-0.014143343914910884,0.001553663633469058,0.052202629725769716
623,-0.010411106974739189,-0.00303029213918265,0.03758611034076914
624,-0.009991148937849992,0.008504441473773718,0.06634675426700792
625,-0.015603413060441764,0.005782595748062858,0.06607989740662855
626,-0.010502424268194484,0.0065382826382403905,0.06110869533617771
627,-0.015296894256202297,0.0008471140858542182,0.053968290430110095
628,-0.010559619509065529,0.0072865389510696045,0.06189975029911142
629,-0.011810519135126362,-0.0006583907558195735,0.044217683058176596
630,-0.009348647439793608,0.012298613703539709,0.06794438288380968
631,-0.011306508898572343,0.0021227467795144083,0.05043021497928304
632,-0.007179619564659489,0.004541659504001838,0.043074547198931265
633,-0.01084908728432245,0.002948247805608105,0.05472071817608287
634,-0.013522485324545966,0.005432387070233582,0.06129110789727513
635,-0.01028851079377671,0.0036803869918961337,0.057327663149370336
636,-0.010990637557390331,0.010974659050302567,0.07179980921965777
637,-0.007037025789047168,0.006000587955782849,0.05223566700008906
638,-0.010152068797819777,-0.002265410144059046,0.03788085470615039
639,-0.009087112841399441,0.003799619372581361,0.049098113864819486
640,-0.012502405695198629,0.0045688127135192535,0.06176908106359495
641,-0.01080479295887824,0.004320011104365913,0.051440780784433524
642,-0.009869332850290988,0.00011367643180427132,0.04306879728187068
643,-0.012421134748501053,0.001981602095854835,0.05083839261422547
644,-0.00885218545318664,0.009424236353871964,0.0645715874631954
645,-0.011220735299298972,-0.003688592324291625,0.04094805896727177
646,-0.010941602588569065,0.0033689616376897814,0.05436739689411925
647,-0.006215609455061783,0.008380636982775524,0.054058906410576604
648,-0.010744781511753568,0.006210355322873196,0.057921577539183415
649,-0.009095556383117136,-1.6697818755761217e-05,0.038510564741838754
650,-0.01136707613981856,0.0074187541792831374,0.06214867421429685
651,-0.008599880072491163,0.004198844273794726,0.051519539961506024
652,-0.016000062656734423,-0.0015528116207484052,0.049706159018043476
653,-0.013557583489582001,-0.0033564183156589216,0.04203479396535146
654,-0.010209212199929716,0.0006396678482492625,0.041643363573145346
655,-0.00973934703815777,0.004213355574737384,0.05080200310766535
656,-0.009564998204905424,0.010412017379058253,0.06476054014914034
657,-0.009025248581905778,0.00774395963901987,0.06061569152796478
658,-0.011444112697416905,0.0017937160640540597,0.04945232167077087
659,-0.017594005072080192,-0.0005875419693980056,0.05460594969239241
660,-0.010173026789793803,0.00616235383755829,0.05780377132495087
661,-0.01182943274203497,-0.000667305060573709,0.05179206574551302
662,-0.007560367451920167,0.008532187214870755,0.05789630367352783
663,-0.008293607053330258,0.0052261344665397455,0.05161673738317009
664,-0.009335446238234098,0.0031524502990489425,0.054282160206434324
665,-0.011258288531272346,0.004898283999963721,0.054214320209539514
666,-0.009296897873734354,0.0070812115305712775,0.05830982274574323
667,-0.010275678165816024,0.007601150749571799,0.05949331757946451
668,-0.0052746563064785595,0.011724102615041405,0.06297176639472594
669,-0.009405526519927456,0.0003103190779859328,0.043346353700802524
670,-0.011925109928250579,0.005379666107289744,0.058412254562031814
671,-0.010164604979200426,0.004572562611658861,0.05175748521344821
672,-0.010860545226930486,0.0025542873845821224,0.05127196892405485
673,-0.004691000943422468,0.010796361031924603,0.05523364695802253
674,-0.010713747370493253,0.00211048035931153,0.048016440645476194
675,-0.011293205675009793,0.003579991657927426,0.052777383817295305
676,-0.010672018405779348,0.0016537586406341809,0.046344062830957704
677,-0.010202794886159676,0.001246076091815595,0.04837261934444965
678,-0.012929182122292078,0.006184462660931438,0.06331737754847458
679,-0.012305895273710331,0.005512148125767331,0.05853657865812999
680,-0.010894839677206019,0.005002420703497785,0.0614915473441623
681,-0.01024626846334234,0.005876888829955912,0.059684281100764416
682,-0.005139436275300191,0.010175464117047403,0.06303875582051927
683,-0.007991374726789402,0.008393654746181443,0.06210195329929563
684,-0.014352127404712407,0.0013440061706935689,0.054251025415395594
685,-0.00807349403154125,0.010213586768848261,0.061161184292203574
686,-0.0110606095332059,-0.0008818217934648099,0.04218171924713847
687,-0.009381398680141049,0.008580654323124904,0.06101040203774292
688,-0.0111540942726383,0.0037254709115429364,0.05893498220435947
689,-0.010105534458447436,0.0033297481370856068,0.05365832157444488
690,-0.008517657748615345,0.005114343831128152,0.05216867922400861
691,-0.012655688679621847,0.002697402573346036,0.05219258852824888
692,-0.01081728486735563,0.0027516364731445023,0.05567915353048511
693,-0.008958564262706204,0.009068463979679883,0.06164067719143221
694,-0.006874845219079629,0.007695065900482445,0.05484900783803234
695,-0.011013510850545413,0.005619092273733409,0.05959315044683809
696,-0.007724341297327835,0.011829446485369087,0.07311795800694702
697,-0.009734821616605627,0.0029275078918492726,0.05145682697382096
698,-0.007647164001717533,0.007568652048093237,0.05740592110932711
699,-0.008634882363502449,0.001752428758894378,0.04218726859797281
700,-0.008696386024364417,0.0017940821304147391,0.04341271358272406
701,-0.011299428404411001,-0.0015743743680749244,0.03802507732255184
702,-0.010041982054473566,-0.0015832031426649773,0.03937474455818591
703,-0.008885093728805233,0.003202906099463878,0.04856993017807443
704,-0.01132824418952752,0.004941666134902216,0.05842073029641895
705,-0.0161437530324605,-0.0033205500688308475,0.042796392982987305
706,-0.009210130115298523,-0.0016378945619568883,0.03562537914093227
707,-0.008765223952504508,0.007922336435775872,0.06091915684801577
708,-0.007088616329686244,0.005405153421451939,0.05178295200519665
709,-0.008872449764695584,0.00908878787058148,0.06302314881196501
710,-0.0036908214904553156,0.011358444958667757,0.054067434555542075
711,-0.00955541276436108,0.0046969873440137625,0.05465475559660497
712,-0.008792956513484784,0.004788924250408594,0.056903081623767796
713,-0.00901406263697933,0.009174656743134835,0.05789322411317493
714,-0.010399198860164476,0.0032730033662804925,0.05820418229045687
715,-0.012397683839542071,0.007148717872939368,0.06249044805210137
716,-0.008151630771629094,0.004000125122427448,0.05205874557260833
717,-0.009184186539140876,0.002179966580654341,0.043114126919019065
718,-0.012239427693536593,0.006641879282162076,0.0655463691329506
719,-0.008512347546498383,0.0020890020810788363,0.04282602985731172
720,-0.008171794667354269,0.003886194290059953,0.04926994074606584
721,-0.008165405661558663,0.0066422458849536925,0.057781344420897815
722,-0.011986478371872047,0.002422502081476356,0.054353793396851854
723,-0.011265725337825622,-0.0001277674572649788,0.04260762857801475
724,-0.010305020790445676,0.003132031728831704,0.04726335686058646
725,-0.008727310158078174,0.008060321697346584,0.06121873333206631
726,-0.014750594898990813,-0.0004142668253779353,0.04755062917631161
727,-0.007604412753238757,0.011576835525274073,0.0650249602314249
728,-0.008910753910563526,0.0031165740479847945,0.05545946891416182
729,-0.011463596932090215,0.0021125250571294414,0.053300650551114256
730,-0.007453569695620836,0.004691592324058987,0.0497376538994074
731,-0.013647589657408745,-0.0009573487682978394,0.04893581181772514
732,-0.013747779807670453,0.005228489816847867,0.0633203038895862
733,-0.010630277031025107,0.00379205219578144,0.05305011078030129
734,-0.006535671259150876,0.004433245072595192,0.046327819274597275
735,-0.011982422834664986,-0.0021872927899744,0.043952301561528705
736,-0.010806051963992473,0.006331139826316439,0.05816858807496898
737,-0.014212617432896289,-0.002696862518677368,0.04554011342597379
738,-0.007711086360521411,0.006163105227862448,0.05722448533762694
739,-0.010163733131807318,-0.0025879672415362893,0.03505331327366255
740,-0.005309827993098567,0.004398735167590136,0.04091117570439919
741,-0.011245864033101726,0.0028348070744330816,0.06018955729998408
742,-0.012562118996254453,-0.006189701250661958,0.031368087114595065
743,-0.010522936924437612,0.0012960659437277666,0.04844318168155449
744,-0.013670772606460433,0.004356275410835457,0.059849067677798934
745,-0.007904581072723113,0.007814686215100088,0.061122705110959005
746,-0.011572511895699869,-0.0018687036813932823,0.04248295183557716
747,-0.013383866713249154,-0.002701453551554075,0.0407778651619281
748,-0.013305128561822477,0.002067420117617349,0.04865617855061794
749,-0.007095219517962868,0.004947376282605777,0.04851494673994246
750,-0.009968456209339262,0.0014871241271379382,0.042999443985050005
751,-0.010903777882652864,0.005151741270870935,0.06033600394799013
752,-0.01395732430045465,-0.0006829970836082285,0.04703997448977624
753,-0.010338952142221951,0.006953656748354707,0.06001154958426845
754,-0.008178799855826473,0.009926639227539284,0.06519941442893612
755,-0.008601631626659707,0.006463940679588633,0.06035622882314894
756,-0.008169402108243662,0.0011871396617256064,0.03709779557118596
757,-0.005153772172794109,0.010914188531098754,0.05695800810098953
758,-0.009264764199046,0.0019865488532948804,0.04830485465241847
759,-0.010983279331302121,0.006672073726529761,0.05774029818705116
760,-0.008325580249908341,0.008516978435187129,0.06087324461139626
761,-0.014603649273230834,-0.0007011026016236018,0.05086027040073331
762,-0.009199004856114877,0.005164527670968049,0.053180397160529726
763,-0.012160901295871572,0.004579312279866812,0.057228293458959974
764,-0.0074077451867403344,0.005829105328774606,0.05632313551214444
765,-0.008786989098753275,0.006561343925799604,0.05961451487632512
766,-0.01067406858801633,0.0023541983000952824,0.0511848821344121
767,-0.010102867002815128,0.006065445661664141,0.05720806838576764
768,-0.009086706760687246,0.01424802930738908,0.07652733627240678
769,-0.008998654546739824,0.010961655391857315,0.06595913703873467
770,-0.007831958021874566,0.008215221756580102,0.060396400750991404
771,-0.008099542329816299,0.010617733199332012,0.0623894142083254
772,-0.010014480667050978,0.008310459185978492,0.06468564849401373
773,-0.009205896447843186,0.008322213035724437,0.06328300345063764
774,-0.007172923876462649,0.01023550810988331,0.061139793924347305
775,-0.013019187423093237,-0.0029993705718344256,0.04256856096970079
776,-0.010153676965261123,0.005817703490574312,0.05498522239225251
777,-0.013790114492617066,0.0073635752433638835,0.0685545201203676
778,-0.013129276927785547,0.004344408967545396,0.05849230697164039
779,-0.012442108710405863,0.00396234409291713,0.05922688057013448
780,-0.009007740663509645,0.0030133449241325928,0.047630959605478085
781,-0.01284849759917607,0.0012424103143877172,0.05007355313942302
782,-0.010489253043697556,0.008552903558489245,0.0650126991828681
783,-0.013888368750069026,0.004729650838429012,0.06041725243245911
784,-0.015379404565254266,0.0008404387094504356,0.05654597792565033
785,-0.011590916271068234,0.0037561138752310644,0.05476490611691058
786,-0.008857329930165216,0.0008635120817608378,0.04311855453857904
787,-0.01028552401653995,0.005529565689308378,0.05707561786843982
788,-0.011019383883085196,0.004359167759784987,0.057221929754011726
789,-0.01411222327897738,0.0024007004015023825,0.055484723357755394
790,-0.008240987028271796,0.00955508032291181,0.0634987436847751
791,-0.013864962367365683,0.003600197649328428,0.05814727473678738
792,-0.010104953392413924,0.007395193736387717,0.06123053790149122
793,-0.01078825998020914,0.003994367668491495,0.05783266094637607
794,-0.009106031684897783,0.002032311932907672,0.04321029735951507
795,-0.010923325079242582,-0.003617435618493231,0.03639046154606294
796,-0.005822374809153794,0.005705580262985107,0.04585337546052087
797,-0.010380387579281083,0.002780673839491462,0.05311802728722003
798,-0.010326185186454402,0.006288367725624762,0.05877405199506955
799,-0.014117426128705087,0.0009101044071459492,0.05608559801788032
800,-0.01053296494452335,0.003285077250817412,0.050539222085705014
801,-0.012568972418053756,0.0006158794266611499,0.0498337927584833
802,-0.009623979317059723,-0.0015785144838520492,0.04013949627961022
803,-0.009095682283077767,0.009503100677493893,0.06595795016995475
804,-0.014832096692750034,0.0006773119109943274,0.05719284660352486
805,-0.00815756620296084,0.006795190415196162,0.05476279760307822
806,-0.009923039056036455,0.010016237557960382,0.07115605269965831
807,-0.015329459124079582,-0.00036475090386198824,0.04909027849191
808,-0.01114512924015631,0.002875940030762397,0.05430588140176266
809,-0.013540012929209975,0.0035188480626237397,0.05946503250307819
810,-0.013538841206110023,0.004242187784155809,0.05916441031583656
811,-0.010219538812834673,0.002944526144851131,0.049941118462218194
812,-0.01095566734126693,0.004770210310014569,0.055930870133742316
813,-0.009331485790368882,0.004694781935869473,0.04983893158813
814,-0.006691476718280178,0.002126079128273151,0.03901425815120934
815,-0.010466214972038921,0.005242418356628485,0.06326967170380635
816,-0.00956396339488184,0.000471929800531974,0.042808050964703616
817,-0.01090551447445497,0.010367228753519071,0.06775053332646967
818,-0.006328915278143733,0.007690251514220011,0.05258467783824411
819,-0.006043686540558956,0.005859405650773886,0.049771199224037874
820,-0.006146177038156963,0.010574332858213716,0.0575611410013159
821,-0.009001368711307835,0.0045961015640584,0.054537569404855574
822,-0.009640663548430791,0.0006981655908212674,0.043081427893689996
823,-0.010320939347138248,-0.00228545727696405,0.03750204719481626
824,-0.013376127843193095,0.0005182164004820885,0.05476148807812956
825,-0.00706763485847744,0.00854336059160484,0.0540827210094044
826,-0.011440176373252205,0.007412215622548203,0.06293992914517499
827,-0.010273121324106368,0.00926292820052402,0.0657475209615173
828,-0.008860439310808689,0.00278729996899406,0.045556211278861225
829,-0.0107947997213333,-0.0015917381349466744,0.03744203728805567
830,-0.012388810022870693,0.0032426527297267195,0.054031935157994516
831,-0.007058847179211489,0.009149225578790067,0.062380919067253654
832,-0.014271329936152316,0.0026079114477247866,0.05699865606061341
833,-0.010903711241384893,0.014146665185442869,0.07756846568952838
834,-0.010556028853456972,-0.0035236983170446505,0.036920420044871435
835,-0.0077400849093840094,0.009773274702170657,0.06027926752784582
836,-0.009578349658499869,0.010785340500428836,0.07590962225530036
837,-0.006788152059559988,0.0034006620655805514,0.041936093358160564
838,-0.007683110000645338,0.0038907247460072793,0.04642190672290242
839,-0.01506225246245561,0.0007456671464370459,0.055620284360835597
840,-0.006155619648911553,0.0136470527867458,0.06834193642018023
841,-0.008754362702579576,0.0053884876240497806,0.05521188856498657
842,-0.007909290956990717,0.0058805746631791595,0.055973731392774756
843,-0.010262828605737571,0.0017899486011223541,0.051132315142563174
844,-0.010326917994252473,0.0023513154921413863,0.048901355767279706
845,-0.008790521040190125,8.908620953834756e-05,0.04056463420154727
846,-0.010388424516583998,0.004549447488540341,0.058746349587219755
847,-0.010890735891452442,-0.0020901776116879433,0.04309612764658294
848,-0.009492587053758604,0.0004951454899899287,0.04002788165728737
849,-0.010552320548822675,-0.00024489091071943595,0.04081526417528978
850,-0.011782386442979898,0.00047066526750029117,0.04433941416075637
851,-0.009327330800121077,0.005676006365503861,0.05130767405970944
852,-0.008257330969143222,0.0005424717975251352,0.04134242737307823
853,-0.007484597096481673,0.007355137724337392,0.05601427921567221
854,-0.008051303078089591,0.003404720963566033,0.046506558740480215
855,-0.01094136471037583,-0.0036486745174431293,0.0393684582439175
856,-0.011993611880081355,0.007227859199684269,0.062236497806948114
857,-0.012713194173993315,0.003955815550285573,0.05973284457464835
858,-0.007444316535880506,0.003566686888245104,0.04408754123156127
859,-0.011742398459093641,0.003030659024351203,0.05929241113158446
860,-0.007491403213769944,0.008166176657212212,0.0534230534536528
861,-0.011790120654587512,0.008347249004155488,0.06479110790410982
862,-0.014446517379593895,0.011908553482115133,0.07949494929658031
863,-0.013905790324703635,0.0015326590813063664,0.051403963844762895
864,-0.010715364039476512,0.001192049013659179,0.04358681993918576
865,-0.014008859932400745,0.003287542518514918,0.057722422636089385
866,-0.007067998777997135,0.007879267432594506,0.058523497059985836
867,-0.01719382686260372,0.00151412946828009,0.05819646072217869
868,-0.011104707711424786,0.0016514301002841048,0.05126315049331586
869,-0.010108925722527935,0.005577167068438679,0.054245976640689794
870,-0.010457499214049632,0.00033745304460504257,0.04122411832618074
871,-0.0148365055433009,-0.0014623982405478808,0.056666742596196806
872,-0.01140665600553374,0.00593486761972139,0.06076477091620032
873,-0.015598619014115463,-0.0015502196871263032,0.04797138357196936
874,-0.012009751718903562,0.005215739110799495,0.056452671797571956
875,-0.010903831146624784,0.002983773937462032,0.05431134881185901
876,-0.017013517757166953,-0.0018968297657385592,0.05352116950074859
877,-0.010030500697368303,0.0030366084132756517,0.05475344363097336
878,-0.011521771720064859,0.004340418700816759,0.05294885854003996
879,-0.00758530113147416,0.006454394294379727,0.05865792703453805
880,-0.013639923890822936,0.0011767901897045477,0.05559125701955818
881,-0.015121576274392421,0.003305469832725233,0.05912524005606577
882,-0.012883282543330281,0.003219834204468161,0.05551099950528317
883,-0.01130257904772189,0.004661968302259668,0.05239747548887033
884,-0.010289680667888804,0.006589708194648092,0.06105837015972294
885,-0.016643656411455748,-0.0014097397964499946,0.050320941826316315
886,-0.009978604279212613,0.0015101370976321933,0.04588452454126131
887,-0.011367909735189172,-0.002032552135628211,0.04138194480115083
888,-0.010506369988629789,-0.0025515441375887327,0.038132628185628216
889,-0.008842559852883309,0.0017432438477000616,0.044170115560258086
890,-0.009258232090902886,0.011710233786393751,0.06763718603614179
891,-0.011667637689854694,0.012038776936987888,0.07441998552927023
892,-0.009500766128256734,0.005876891328666605,0.05870800598649021
893,-0.008917055058133491,0.0034193703064646142,0.047251819464544646
894,-0.009737225524645135,0.002277188401117675,0.05637461353367281
895,-0.01205708717206232,0.012691685561488452,0.07267421554497536
896,-0.016070371261114817,0.0035412280994585924,0.06349564684848578
897,-0.013458529714586706,-0.004817293880880923,0.03876190272360965
898,-0.008809003020214477,0.005170793305519587,0.05370315470636991
899,-0.013252008918188054,0.0035918268937075986,0.059506792854418504
900,-0.008981445502299302,0.0028033454271351025,0.053213056750909565
901,-0.008605039090275405,0.008901069660092922,0.06313998788984915
902,-0.014716283391873825,0.0014395613882760838,0.05337206851687309
903,-0.008586450365678497,0.004544639590168965,0.05199455516168892
904,-0.013374687626495262,0.004019575036101193,0.05724470186733435
905,-0.006186431026226397,0.012426225586393894,0.06846742775236049
906,-0.0159685686979257,-0.0010405045400652627,0.05241262681170988
907,-0.0093780295507521,0.0028676088382458866,0.05044440219686594
908,-0.010860650904941663,0.005887170181730685,0.059186842602526366
909,-0.007607643866579912,0.003128440786217065,0.04487945065719048
910,-0.011936076609292624,0.002608228678504614,0.05710949465226505
911,-0.010881888707219402,0.003826945445964263,0.0516372632734228
912,-0.010968365730391854,0.005414269897383365,0.05780148700979355
913,-0.010867153730706514,0.010829153716669123,0.06803381180134575
914,-0.010449691260678561,0.003591448288931498,0.050496956212049776
915,-0.013682646039536858,0.002710495305643947,0.05931853296747649
916,-0.00894135193768985,0.00904746848171805,0.06621056003982263
917,-0.01164670817953109,0.004310565006393039,0.05557427010763979
918,-0.011674502519088923,0.004719818003239799,0.061618331903872704
919,-0.009837870190679476,-0.0016097589004084429,0.04194890411044653
920,-0.006592322830142417,0.00506583520573842,0.04629302085218121
921,-0.0083139043013388,0.0009287052082503802,0.03847083260252672
922,-0.01059028694695958,0.004604494509227122,0.0564879137401936
923,-0.008428678209965908,0.0062738949212273985,0.0583914916443784
924,-0.00721012026701003,0.004366073201624193,0.04717187387806335
925,-0.005208826656307236,0.009662488180126114,0.05238207589313522
926,-0.0066108645204328,0.006664038075302173,0.05039162783331415
927,-0.010452805700638045,-0.000196163650300604,0.04618217904705648
928,-0.012804745617601178,-0.00035770726813709876,0.05329043297054427
929,-0.009507076753046965,-0.0007922516656138204,0.04076166377414357
930,-0.010184341249065254,0.007142821540829832,0.060868432377080735
931,-0.008548430960657338,0.0039617320291433925,0.04877482100313392
932,-0.0053774779508764395,0.01571409668160283,0.06938450427915148
933,-0.008082218972554662,0.007061787662561288,0.05745817292534754
934,-0.010473435068089773,0.00790006242256964,0.06072999592075983
935,-0.009174818789012237,-0.0002080016245813471,0.03969437459449186
936,-0.015365671201512764,-0.002788876898121816,0.04277332436590844
937,-0.011507314815340881,0.007076768304442757,0.06318445259711683
938,-0.006589580202587324,0.004523463394260554,0.04777505244770978
939,-0.008981107062499452,0.0013407597793818867,0.040964263580834756
940,-0.015059062142072416,0.006272272524138519,0.07017016937225613
941,-0.007260313530298163,0.002088724165668015,0.039389045012616114
942,-0.0037264626684673538,0.011164863965500108,0.05770374347431251
943,-0.007317700000503242,0.0026766242840219117,0.044253906484845
944,-0.00893141440351276,0.004137557802758714,0.05261741370060511
945,-0.009172456020788176,0.001208838640235901,0.04588150731866588
946,-0.011070226409515748,0.009252171247643902,0.06802242195221382
947,-0.007830588116639768,0.004431824562067562,0.05199379428944766
948,-0.012780754849744095,0.008514488429790874,0.07074450205010302
949,-0.014402486352894334,-0.0005882863908523395,0.04746092506449047
950,-0.005459062148460053,0.010672143773141352,0.06546160943811646
951,-0.011934462669188916,0.0030408826128201258,0.05475014610782089
952,-0.011950717960607784,0.009673734752792953,0.06824118574811845
953,-0.012066873092801463,0.00158351271956972,0.04905980057539078
954,-0.011907603418653058,-0.003904626411214782,0.039090018335100604
955,-0.011811914681186277,0.005448273730786312,0.0564068995525106
956,-0.01030099616781972,0.004108553409002944,0.0540435898989779
957,-0.013590103527147512,0.0007145310330639241,0.05436747211287608
958,-0.012640914234905595,0.000586877158880612,0.04849866320593404
959,-0.010422306474378999,0.0016092022242901762,0.05084919559102668
960,-0.010779039365376102,0.011227652376579852,0.07093347207678749
961,-0.011914112927958735,0.00481309793694462,0.055641160420027626
962,-0.007880802168074949,0.007856168428193665,0.05564394536015326
963,-0.01040089472498976,0.004174582738609934,0.0554395992114573
964,-0.0072088109751307,0.00572179938536085,0.05305894779468425
965,-0.009808083573758095,0.006892197660891116,0.06153939543606088
966,-0.014163655199819944,-0.0006707145201427909,0.04860004554549524
967,-0.005633101419596471,0.002641905779237256,0.03582293223661232
968,-0.014256493739750012,-0.006296970358059688,0.03782841376579326
969,-0.009446439394235163,0.007534383851400411,0.06158147816954961
970,-0.00840957649220095,0.004984397539212604,0.052600903567078396
971,-0.013564995129161522,0.002055571187973911,0.05375776365090477
972,-0.00952369830801158,0.0023333571738922533,0.04733867430393368
973,-0.007200680509806652,0.006371246552653227,0.049890596670808605
974,-0.008952730152032129,0.007286517091715136,0.059146140837608635
975,-0.010443936443113585,-0.0016731071557104932,0.03839649923294298
976,-0.006863708802388469,0.0043189046786024895,0.0458687781791872
977,-0.013361795923126531,0.002744362774189819,0.057195322252557655
978,-0.009035773483500039,0.0009339200300084962,0.042027965235235026
979,-0.009175623912544211,0.0012555946570422085,0.04697703167027411
980,-0.00921139849883885,0.00037871878632909163,0.04585142054497558
981,-0.0075602755123753244,0.005987471151740483,0.051022848951067803
982,-0.009164496522784322,0.009634176416974512,0.06817327457841606
983,-0.014326830342030713,0.0017888300216564817,0.05380597403027698
984,-0.010476713289244847,0.0023609028447256577,0.04981216693551235
985,-0.013514236675416463,0.003511666573369199,0.05966035264497029
986,-0.007434405175229556,0.0004395480549220383,0.036158682012298875
987,-0.017561878711765986,-0.003139065244920939,0.052356895847541364
988,-0.009828183086762683,6.973907492265432e-05,0.043471649097777586
989,-0.009632948967230113,0.008312374207503661,0.06250587627294248
990,-0.009766684681779199,0.0007103300874758702,0.04442507694162239
991,-0.005676971172933149,0.006198172362894831,0.047123807599179134
992,-0.008333525889573026,0.0009627743169424911,0.04286467932993143
993,-0.009809136162894815,-0.0010181006182327361,0.03325181425903424
994,-0.011149484731290547,0.0010658880681057748,0.04891995883781433
995,-0.005651525658880099,0.00790947937790377,0.05789330851359195
996,-0.010725705737560407,0.0028344717735606967,0.053353817733336424
997,-0.009750257625381549,0.0037108537137224736,0.05503693281260781
998,-0.01087556731092469,0.004688505057793327,0.05561757667699129
999,-0.011174863653157438,0.011240211460196076,0.06964056068353255
